n,ir_data_l, ir_data_r, pressure_l, pressure_r, current_x, current_y, sequence, attachment_tries, time
S,414,377,-6.18,-6.04,0,0,0,9700
S,419,377,-6.17,-6.04,0,0,0,9800
S,389,381,-6.18,-6.04,0,0,0,9900
S,406,384,-6.17,-6.04,0,0,0,10000
S,404,380,-6.17,-6.04,0,0,0,10100
S,380,386,-6.18,-6.04,0,0,0,10200
S,395,383,-6.18,-6.04,0,0,0,10300
S,410,384,-6.17,-6.04,0,0,0,10400
S,401,385,-6.17,-6.05,0,0,0,10500
S,400,384,-6.17,-6.05,0,0,0,10600
S,394,384,-6.17,-6.05,0,0,0,10700
S,396,381,-6.17,-6.05,0,0,0,10800
S,392,377,-6.18,-6.05,0,0,0,10900
S,414,378,-6.17,-6.05,0,0,0,11000
S,386,381,-6.17,-6.05,0,0,0,11100
S,415,379,-6.17,-6.05,0,0,0,11200
S,406,387,-6.17,-6.05,0,0,0,11300
S,389,377,-6.17,-6.05,0,0,0,11400
S,394,375,-6.18,-6.05,0,0,0,11500
S,398,370,-6.18,-6.05,0,0,0,11600
S,411,373,-6.18,-6.05,0,0,0,11700
S,401,372,-6.18,-6.04,0,0,0,11800
S,400,382,-6.18,-6.04,0,0,0,11900
S,381,379,-6.17,-6.04,0,0,0,12000
S,409,378,-6.18,-6.04,0,0,0,12100
S,385,380,-6.18,-6.04,0,0,0,12200
S,410,378,-6.18,-6.05,0,0,0,12300
S,407,377,-6.18,-6.05,0,0,0,12400
S,390,372,-6.18,-6.05,0,0,0,12500
S,707,655,-6.18,-6.05,0,0,0,12600
S,406,383,-6.18,-6.04,0,0,0,12700
S,631,593,-6.18,-6.04,0,0,0,12800
S,384,378,-6.18,-6.04,0,0,0,12900
S,381,375,-6.18,-6.04,0,0,0,13000
S,396,377,-6.17,-6.04,0,0,0,13100
S,412,390,-6.17,-6.04,0,0,0,13200
S,408,391,-6.17,-6.04,0,0,0,13300
S,435,390,-6.17,-6.04,0,0,0,13400
S,399,387,-6.17,-6.04,0,0,0,13500
S,390,379,-6.18,-6.04,0,0,0,13600
S,403,381,-6.18,-6.05,0,0,0,13700
S,414,375,-6.18,-6.05,0,0,0,13800
S,472,437,-6.19,-6.05,1,0,0,13900
S,405,379,-6.38,-6.07,1,0,0,14000
S,396,382,-6.59,-6.08,1,0,0,14100
S,402,372,-6.77,-6.10,1,0,0,14200
S,390,381,-6.96,-6.11,1,0,0,14300
S,406,394,-7.11,-6.11,1,0,0,14400
S,429,403,-6.97,-6.11,1,0,0,14500
S,411,400,-7.18,-6.11,1,0,0,14600
S,428,413,-7.00,-6.12,1,0,0,14700
S,432,418,-7.11,-6.12,1,0,0,14800
S,536,531,-7.06,-6.11,1,0,0,14900
S,466,428,-7.11,-6.11,1,0,0,15000
S,433,411,-7.11,-6.11,1,0,0,15100
S,439,409,-6.98,-6.10,1,0,0,15200
S,429,402,-7.22,-6.10,1,0,0,15300
S,436,396,-6.99,-6.11,1,0,0,15400
S,432,395,-7.12,-6.11,1,0,0,15500
S,430,399,-7.08,-6.11,1,0,0,15600
S,420,398,-7.08,-6.11,1,0,0,15700
S,437,403,-7.11,-6.11,1,0,0,15800
S,554,548,-6.98,-6.11,1,0,0,15900
S,426,404,-7.17,-6.10,1,0,0,16000
S,427,406,-7.01,-6.10,1,0,0,16100
S,432,407,-7.13,-6.10,1,0,0,16200
S,458,437,-7.06,-6.10,1,0,0,16300
S,487,458,-7.08,-6.11,1,0,0,16400
S,508,473,-7.14,-6.11,1,0,0,16500
S,527,487,-7.01,-6.12,1,0,0,16600
S,498,480,-7.13,-6.12,1,0,0,16700
S,534,480,-7.02,-6.12,1,0,0,16800
S,902,716,-7.03,-6.11,1,0,0,16900
S,752,493,-7.09,-6.11,1,0,0,17000
S,735,502,-7.03,-6.11,1,0,0,17100
S,784,513,-7.04,-6.11,1,0,0,17200
S,982,547,-7.08,-6.10,1,0,0,17300
S,998,558,-7.06,-6.11,1,0,0,17400
S,1438,607,-7.78,-6.11,1,0,0,17500
S,2078,634,-11.12,-6.11,1,0,0,17600
S,2690,635,-16.13,-6.11,1,0,0,17700
S,3025,671,-21.91,-6.11,1,0,0,17800
S,3241,709,-26.25,-6.11,1,0,0,17900
S,3392,790,-26.83,-6.11,1,0,0,18000
S,3567,755,-27.41,-6.11,1,0,0,18100
S,3710,798,-27.99,-6.11,1,0,0,18200
S,3793,857,-28.55,-6.11,1,0,0,18300
S,3901,876,-29.08,-6.11,1,0,0,18400
S,3973,820,-29.57,-6.11,1,0,0,18500
S,4098,655,-30.01,-6.11,1,0,0,18600
S,4277,610,-30.42,-6.11,1,0,0,18700
S,4279,694,-30.78,-6.11,1,0,0,18800
S,4302,668,-31.15,-6.11,1,0,0,18900
S,4315,652,-31.51,-6.11,1,0,0,19000
S,4335,625,-31.85,-6.11,1,0,0,19100
S,4342,622,-32.17,-6.11,1,0,0,19200
S,4345,638,-32.47,-6.11,1,0,0,19300
S,4349,644,-32.73,-6.11,1,0,0,19400
S,4353,680,-32.96,-6.12,1,0,0,19500
S,4365,698,-33.17,-6.12,1,0,0,19600
S,4380,682,-33.37,-6.11,1,0,0,19700
S,4425,662,-33.55,-6.12,1,0,0,19800
S,4429,643,-33.73,-6.11,1,0,0,19900
S,4439,645,-33.90,-6.12,1,0,0,20000
S,4434,652,-34.06,-6.12,1,0,0,20100
S,4436,640,-34.21,-6.12,1,0,0,20200
S,4455,636,-34.34,-6.12,1,0,0,20300
S,4460,635,-34.47,-6.12,1,0,0,20400
S,4458,635,-34.59,-6.12,1,0,0,20500
S,4467,638,-34.69,-6.12,1,0,0,20600
S,4484,627,-34.79,-6.12,1,0,0,20700
S,4465,661,-34.88,-6.12,1,0,0,20800
S,4477,658,-34.96,-6.12,1,0,0,20900
S,4477,657,-35.03,-6.12,1,0,0,21000
S,4475,648,-35.10,-6.12,1,0,0,21100
S,4489,663,-35.17,-6.12,1,0,0,21200
S,4499,663,-35.24,-6.12,1,0,0,21300
S,4490,654,-35.31,-6.12,1,0,0,21400
S,4501,655,-35.36,-6.12,1,0,0,21500
S,4499,653,-35.41,-6.12,1,0,0,21600
S,4494,649,-35.46,-6.12,1,0,0,21700
S,4508,657,-35.50,-6.12,1,0,0,21800
S,4589,801,-35.59,-6.13,1,0,0,21900
S,5124,1847,-35.70,-6.14,2,0,0,22000
S,4607,1068,-35.68,-6.32,2,0,0,22100
S,4490,908,-35.46,-6.49,2,0,0,22200
S,4473,1104,-35.16,-6.84,2,0,0,22300
S,4480,1887,-34.79,-9.51,2,0,0,22400
S,4469,2651,-34.43,-14.53,2,0,0,22500
S,4463,3256,-34.08,-20.73,2,0,0,22600
S,4455,3657,-33.75,-27.50,2,0,0,22700
S,4447,3928,-33.42,-33.60,2,0,0,22800
S,4438,4099,-33.09,-36.89,2,0,0,22900
S,4439,4214,-32.84,-38.18,2,0,0,23000
S,4439,4242,-32.80,-38.28,2,0,0,23100
S,4424,4382,-32.76,-38.38,2,0,0,23200
S,4426,4405,-32.71,-38.47,2,0,0,23300
S,4410,4413,-32.66,-38.55,2,0,0,23400
S,4401,4443,-32.60,-38.63,2,0,0,23500
S,4406,4550,-32.54,-38.69,2,0,0,23600
S,4404,4574,-32.48,-38.76,2,0,0,23700
S,4397,4599,-32.40,-38.82,2,0,0,23800
S,4361,4595,-32.33,-38.88,2,0,0,23900
S,4364,4618,-32.24,-38.94,2,0,0,24000
S,4361,4625,-32.16,-38.99,2,0,0,24100
S,4346,4653,-32.07,-39.03,2,0,0,24200
S,4340,4761,-31.97,-39.07,2,0,0,24300
S,4346,4780,-31.87,-39.10,2,0,0,24400
S,4334,4788,-31.76,-39.14,2,0,0,24500
S,4314,4785,-31.65,-39.17,2,0,0,24600
S,4298,4789,-31.54,-39.21,2,0,0,24700
S,4308,4792,-31.42,-39.23,2,0,0,24800
S,4285,4803,-31.30,-39.26,2,0,0,24900
S,4302,4826,-31.17,-39.28,2,0,0,25000
S,4292,4816,-31.04,-39.31,2,0,0,25100
S,4281,4835,-30.90,-39.33,2,0,0,25200
S,4273,4824,-30.76,-39.34,2,0,0,25300
S,4267,4836,-30.62,-39.36,2,0,0,25400
S,4274,4848,-30.47,-39.37,2,0,0,25500
S,4249,4938,-30.32,-39.38,2,0,0,25600
S,4254,5003,-30.16,-39.40,2,0,0,25700
S,4233,5006,-30.00,-39.41,2,0,0,25800
S,4210,5002,-29.84,-39.42,2,0,0,25900
S,4188,5003,-29.67,-39.43,2,0,0,26000
S,4180,5008,-29.50,-39.43,2,0,0,26100
S,4169,5005,-29.32,-39.44,2,0,0,26200
S,4157,5008,-29.14,-39.45,2,0,0,26300
S,4147,5016,-28.96,-39.45,2,0,0,26400
S,4109,5005,-28.78,-39.46,2,0,0,26500
S,4135,5024,-28.59,-39.47,2,0,0,26600
S,4132,5034,-28.40,-39.47,2,0,0,26700
S,4096,5038,-28.20,-39.47,2,0,0,26800
S,4091,5039,-28.00,-39.47,2,0,0,26900
S,2481,5108,-26.79,-39.48,2,0,0,27000
S,1027,5147,-21.17,-39.42,2,0,0,27100
S,1028,5151,-16.09,-39.30,2,0,0,27200
S,1015,5163,-11.63,-39.13,2,0,0,27300
S,1003,5166,-7.71,-38.92,2,0,0,27400
S,1164,5261,-6.41,-38.82,2,0,0,27500
S,1682,5657,-6.21,-38.58,3,0,0,27600
S,1325,5463,-6.39,-38.25,3,0,0,27700
S,957,5319,-6.65,-37.93,3,0,0,27800
S,973,5299,-6.78,-37.60,3,0,0,27900
S,993,5308,-7.13,-37.29,3,0,0,28000
S,991,5295,-7.11,-37.04,3,0,0,28100
S,1007,5295,-7.06,-36.81,3,0,0,28200
S,998,5300,-7.12,-36.57,3,0,0,28300
S,992,5288,-7.10,-36.34,3,0,0,28400
S,1006,5284,-7.13,-36.12,3,0,0,28500
S,1310,5393,-7.04,-35.89,3,0,0,28600
S,1807,5277,-9.19,-35.67,3,0,0,28700
S,2399,5261,-13.48,-35.46,3,0,0,28800
S,2767,5251,-19.06,-35.25,3,0,0,28900
S,2989,5258,-24.90,-35.04,3,0,0,29000
S,3105,5245,-30.62,-34.84,3,0,0,29100
S,3275,5250,-33.49,-34.64,3,0,0,29200
S,3317,5258,-34.78,-34.44,3,0,0,29300
S,3339,5245,-35.35,-34.25,3,0,0,29400
S,3374,5261,-35.62,-34.06,3,0,0,29500
S,3352,5226,-35.66,-33.99,3,0,0,29600
S,3357,5227,-35.67,-33.96,3,0,0,29700
S,3376,5211,-35.67,-33.94,3,0,0,29800
S,3372,5212,-35.68,-33.91,3,0,0,29900
S,3372,5203,-35.68,-33.88,3,0,0,30000
S,3391,5208,-35.69,-33.84,3,0,0,30100
S,3407,5207,-35.69,-33.80,3,0,0,30200
S,3406,5178,-35.70,-33.76,3,0,0,30300
S,3411,5167,-35.70,-33.72,3,0,0,30400
S,3416,5170,-35.70,-33.67,3,0,0,30500
S,3432,5177,-35.70,-33.62,3,0,0,30600
S,3425,5180,-35.70,-33.57,3,0,0,30700
S,3433,5162,-35.70,-33.51,3,0,0,30800
S,3429,5161,-35.70,-33.45,3,0,0,30900
S,3438,5163,-35.70,-33.39,3,0,0,31000
S,3445,5162,-35.69,-33.32,3,0,0,31100
S,3454,5154,-35.69,-33.25,3,0,0,31200
S,3441,5145,-35.69,-33.18,3,0,0,31300
S,3447,5142,-35.69,-33.11,3,0,0,31400
S,3459,5157,-35.68,-33.03,3,0,0,31500
S,3448,5144,-35.68,-32.95,3,0,0,31600
S,3464,5133,-35.67,-32.87,3,0,0,31700
S,3454,5133,-35.67,-32.79,3,0,0,31800
S,3462,5137,-35.67,-32.70,3,0,0,31900
S,3469,5123,-35.67,-32.61,3,0,0,32000
S,3479,5138,-35.66,-32.52,3,0,0,32100
S,3556,5121,-35.66,-32.42,3,0,0,32200
S,3571,5123,-35.66,-32.33,3,0,0,32300
S,3573,5122,-35.65,-32.22,3,0,0,32400
S,3575,5118,-35.64,-32.12,3,0,0,32500
S,3579,5116,-35.64,-32.02,3,0,0,32600
S,3587,5112,-35.64,-31.91,3,0,0,32700
S,3568,5097,-35.63,-31.79,3,0,0,32800
S,3587,5099,-35.63,-31.68,3,0,0,32900
S,3584,5094,-35.63,-31.57,3,0,0,33000
S,3589,5089,-35.63,-31.45,3,0,0,33100
S,3596,5084,-35.62,-31.33,3,0,0,33200
S,3612,5082,-35.62,-31.20,3,0,0,33300
S,3590,5071,-35.61,-31.08,3,0,0,33400
S,3621,5080,-35.61,-30.95,3,0,0,33500
S,3956,1033,-35.57,-27.38,3,0,0,33600
S,3992,1000,-35.43,-21.49,3,0,0,33700
S,3979,984,-35.24,-16.00,3,0,0,33800
S,3991,978,-34.96,-10.89,3,0,0,33900
S,3985,963,-34.60,-6.25,3,0,0,34000
S,4078,1087,-34.56,-6.17,3,0,0,34100
S,4188,1300,-34.14,-6.21,4,0,0,34200
S,4033,1483,-33.70,-6.80,4,0,0,34300
S,3915,2141,-33.28,-10.24,4,0,0,34400
S,3900,2866,-32.88,-15.78,4,0,0,34500
S,3874,3365,-32.52,-22.31,4,0,0,34600
S,3872,3691,-32.21,-29.13,4,0,0,34700
S,3874,3917,-31.91,-34.52,4,0,0,34800
S,3853,4027,-31.62,-37.18,4,0,0,34900
S,3846,4178,-31.32,-38.32,4,0,0,35000
S,3853,4281,-31.04,-38.81,4,0,0,35100
S,3847,4310,-31.01,-38.84,4,0,0,35200
S,3839,4341,-30.97,-38.86,4,0,0,35300
S,3836,4350,-30.94,-38.88,4,0,0,35400
S,3829,4356,-30.89,-38.90,4,0,0,35500
S,3817,4375,-30.84,-38.92,4,0,0,35600
S,3818,4387,-30.79,-38.95,4,0,0,35700
S,3814,4395,-30.73,-38.97,4,0,0,35800
S,3809,4530,-30.67,-38.99,4,0,0,35900
S,3789,4523,-30.60,-39.00,4,0,0,36000
S,3801,4559,-30.53,-39.02,4,0,0,36100
S,3787,4558,-30.45,-39.03,4,0,0,36200
S,3783,4648,-30.37,-39.05,4,0,0,36300
S,3771,4650,-30.29,-39.06,4,0,0,36400
S,3776,4675,-30.20,-39.07,4,0,0,36500
S,3739,4665,-30.11,-39.08,4,0,0,36600
S,3747,4678,-30.02,-39.09,4,0,0,36700
S,3769,4696,-29.92,-39.10,4,0,0,36800
S,3745,4705,-29.81,-39.11,4,0,0,36900
S,3735,4706,-29.71,-39.12,4,0,0,37000
S,3731,4713,-29.59,-39.13,4,0,0,37100
S,3715,4727,-29.48,-39.13,4,0,0,37200
S,3710,4728,-29.36,-39.14,4,0,0,37300
S,3707,4740,-29.24,-39.15,4,0,0,37400
S,3693,4743,-29.11,-39.15,4,0,0,37500
S,3689,4739,-28.98,-39.15,4,0,0,37600
S,3687,4763,-28.85,-39.16,4,0,0,37700
S,3678,4853,-28.71,-39.16,4,0,0,37800
S,3667,4870,-28.57,-39.16,4,0,0,37900
S,3650,4877,-28.43,-39.17,4,0,0,38000
S,3665,4888,-28.28,-39.17,4,0,0,38100
S,3653,4893,-28.13,-39.17,4,0,0,38200
S,3667,4900,-27.98,-39.18,4,0,0,38300
S,3638,4895,-27.82,-39.17,4,0,0,38400
S,3634,4899,-27.66,-39.18,4,0,0,38500
S,3830,5239,-27.50,-39.18,4,0,0,38600
S,3595,5138,-27.34,-39.17,4,0,0,38700
S,3588,5132,-27.17,-39.17,4,0,0,38800
S,3583,5134,-27.00,-39.17,4,0,0,38900
S,3579,5148,-26.82,-39.18,4,0,0,39000
S,3578,5156,-26.64,-39.18,4,0,0,39100
S,997,5478,-22.11,-39.14,4,0,0,39200
S,970,5502,-17.16,-39.00,4,0,0,39300
S,936,5501,-12.77,-38.77,4,0,0,39400
S,895,5525,-8.88,-38.48,4,0,0,39500
S,1077,5711,-6.33,-38.22,4,0,0,39600
S,2601,6461,-6.12,-38.05,5,0,0,39700
S,955,5721,-6.26,-37.60,5,0,0,39800
S,693,5617,-6.46,-37.17,5,0,0,39900
S,726,5617,-6.72,-36.76,5,0,0,40000
S,816,5596,-6.81,-36.36,5,0,0,40100
S,814,5592,-6.90,-36.06,5,0,0,40200
S,831,5585,-7.20,-35.77,5,0,0,40300
S,866,5581,-7.01,-35.49,5,0,0,40400
S,893,5576,-7.03,-35.21,5,0,0,40500
S,886,5583,-7.27,-34.94,5,0,0,40600
S,1399,5808,-7.01,-34.67,5,0,0,40700
S,961,5578,-6.94,-34.41,5,0,0,40800
S,972,5569,-7.18,-34.15,5,0,0,40900
S,967,5545,-7.00,-33.90,5,0,0,41000
S,973,5556,-7.09,-33.65,5,0,0,41100
S,978,5552,-7.09,-33.42,5,0,0,41200
S,1530,5807,-7.03,-33.17,5,0,0,41300
S,977,5525,-7.12,-32.93,5,0,0,41400
S,975,5523,-7.04,-32.70,5,0,0,41500
S,986,5524,-7.10,-32.47,5,0,0,41600
S,1531,5788,-7.04,-32.24,5,0,0,41700
S,1400,5493,-7.69,-32.01,5,0,0,41800
S,2014,5491,-11.45,-31.78,5,0,0,41900
S,2431,5475,-16.50,-31.57,5,0,0,42000
S,2668,5476,-22.33,-31.35,5,0,0,42100
S,2865,5463,-28.57,-31.15,5,0,0,42200
S,2971,5458,-32.69,-30.95,5,0,0,42300
S,2987,5456,-34.48,-30.74,5,0,0,42400
S,3359,5625,-35.26,-30.54,5,0,0,42500
S,3093,5464,-35.62,-30.34,5,0,0,42600
S,3107,5454,-35.73,-30.19,5,0,0,42700
S,3155,5443,-35.74,-30.17,5,0,0,42800
S,3282,5443,-35.74,-30.14,5,0,0,42900
S,3315,5439,-35.75,-30.11,5,0,0,43000
S,3318,5424,-35.75,-30.08,5,0,0,43100
S,3322,5430,-35.75,-30.04,5,0,0,43200
S,3335,5427,-35.75,-30.00,5,0,0,43300
S,3342,5420,-35.75,-29.96,5,0,0,43400
S,3359,5405,-35.75,-29.91,5,0,0,43500
S,3352,5396,-35.75,-29.86,5,0,0,43600
S,3363,5393,-35.74,-29.81,5,0,0,43700
S,3368,5389,-35.74,-29.75,5,0,0,43800
S,3379,5391,-35.74,-29.69,5,0,0,43900
S,3393,5387,-35.73,-29.63,5,0,0,44000
S,3409,5384,-35.73,-29.56,5,0,0,44100
S,3405,5380,-35.72,-29.49,5,0,0,44200
S,3411,5370,-35.72,-29.42,5,0,0,44300
S,3411,5359,-35.72,-29.34,5,0,0,44400
S,3415,5352,-35.71,-29.26,5,0,0,44500
S,3420,5347,-35.70,-29.18,5,0,0,44600
S,3426,5333,-35.69,-29.10,5,0,0,44700
S,3429,5329,-35.68,-29.01,5,0,0,44800
S,3434,5317,-35.68,-28.92,5,0,0,44900
S,3438,5314,-35.67,-28.82,5,0,0,45000
S,3438,5308,-35.66,-28.73,5,0,0,45100
S,3436,5289,-35.65,-28.63,5,0,0,45200
S,3463,5291,-35.64,-28.53,5,0,0,45300
S,3456,5280,-35.64,-28.42,5,0,0,45400
S,3461,5280,-35.63,-28.31,5,0,0,45500
S,3449,5258,-35.62,-28.20,5,0,0,45600
S,3468,5261,-35.62,-28.09,5,0,0,45700
S,3472,5248,-35.61,-27.97,5,0,0,45800
S,3470,5242,-35.60,-27.86,5,0,0,45900
S,3545,5230,-35.60,-27.73,5,0,0,46000
S,3546,5222,-35.58,-27.61,5,0,0,46100
S,3541,5202,-35.58,-27.48,5,0,0,46200
S,3543,5196,-35.57,-27.35,5,0,0,46300
S,3560,5194,-35.56,-27.22,5,0,0,46400
S,3545,5189,-35.55,-27.09,5,0,0,46500
S,3555,5175,-35.55,-26.95,5,0,0,46600
S,3742,1738,-35.51,-25.69,5,0,0,46700
S,3997,974,-35.37,-20.56,5,0,0,46800
S,3997,968,-35.17,-15.79,5,0,0,46900
S,4000,945,-34.93,-11.44,5,0,0,47000
S,4016,848,-34.61,-7.48,5,0,0,47100
S,4237,916,-34.50,-6.46,5,0,0,47200
S,4521,1323,-34.11,-6.20,6,0,0,47300
S,4555,1403,-33.65,-6.36,6,0,0,47400
S,4150,753,-33.20,-6.54,6,0,0,47500
S,4152,811,-32.75,-6.71,6,0,0,47600
S,4209,907,-32.35,-6.89,6,0,0,47700
S,4147,824,-32.03,-6.93,6,0,0,47800
S,4122,843,-31.72,-6.91,6,0,0,47900
S,4123,859,-31.42,-6.91,6,0,0,48000
S,4129,861,-31.13,-6.88,6,0,0,48100
S,4090,908,-30.84,-6.87,6,0,0,48200
S,4101,939,-30.56,-6.87,6,0,0,48300
S,4079,943,-30.28,-6.89,6,0,0,48400
S,4075,945,-30.01,-6.92,6,0,0,48500
S,4076,945,-29.74,-6.92,6,0,0,48600
S,4071,945,-29.48,-6.90,6,0,0,48700
S,4067,953,-29.22,-6.89,6,0,0,48800
S,4064,953,-28.96,-6.91,6,0,0,48900
S,4040,955,-28.71,-6.94,6,0,0,49000
S,4049,956,-28.47,-6.95,6,0,0,49100
S,4040,953,-28.22,-6.96,6,0,0,49200
S,4021,1394,-27.98,-7.58,6,0,0,49300
S,4002,2355,-27.75,-11.28,6,0,0,49400
S,3993,3142,-27.52,-16.84,6,0,0,49500
S,4002,3756,-27.30,-23.30,6,0,0,49600
S,3984,4054,-27.07,-30.14,6,0,0,49700
S,3975,4274,-26.86,-35.14,6,0,0,49800
S,3974,4478,-26.64,-37.43,6,0,0,49900
S,3964,4560,-26.43,-38.44,6,0,0,50000
S,3957,4574,-26.21,-38.89,6,0,0,50100
S,3946,4601,-26.00,-39.09,6,0,0,50200
S,3942,4626,-25.94,-39.13,6,0,0,50300
S,3936,4686,-25.92,-39.14,6,0,0,50400
S,3934,4849,-25.89,-39.14,6,0,0,50500
S,3935,4859,-25.85,-39.15,6,0,0,50600
S,3932,4885,-25.82,-39.16,6,0,0,50700
S,3905,5028,-25.78,-39.17,6,0,0,50800
S,3908,5045,-25.74,-39.17,6,0,0,50900
S,3901,5067,-25.69,-39.18,6,0,0,51000
S,3891,5071,-25.64,-39.19,6,0,0,51100
S,3875,5077,-25.59,-39.19,6,0,0,51200
S,3860,5091,-25.53,-39.19,6,0,0,51300
S,3858,5110,-25.47,-39.19,6,0,0,51400
S,3879,5116,-25.41,-39.19,6,0,0,51500
S,3857,5307,-25.34,-39.19,6,0,0,51600
S,3892,5332,-25.28,-39.19,6,0,0,51700
S,3865,5512,-25.20,-39.19,6,0,0,51800
S,3868,5558,-25.13,-39.19,6,0,0,51900
S,3861,5753,-25.05,-39.19,6,0,0,52000
S,3861,5773,-24.97,-39.19,6,0,0,52100
S,3855,5790,-24.88,-39.19,6,0,0,52200
S,3843,5787,-24.79,-39.19,6,0,0,52300
S,3835,5787,-24.70,-39.19,6,0,0,52400
S,3827,5806,-24.61,-39.19,6,0,0,52500
S,3827,5817,-24.51,-39.19,6,0,0,52600
S,3812,5810,-24.41,-39.19,6,0,0,52700
S,3815,5833,-24.31,-39.19,6,0,0,52800
S,3818,5926,-24.20,-39.19,6,0,0,52900
S,3913,6121,-24.10,-39.18,6,0,0,53000
S,3835,6109,-23.98,-39.18,6,0,0,53100
S,3795,6132,-23.87,-39.18,6,0,0,53200
S,3811,6155,-23.75,-39.18,6,0,0,53300
S,3798,6159,-23.63,-39.18,6,0,0,53400
S,3773,6139,-23.51,-39.17,6,0,0,53500
S,3783,6145,-23.39,-39.17,6,0,0,53600
S,3780,6153,-23.26,-39.16,6,0,0,53700
S,3758,6143,-23.13,-39.16,6,0,0,53800
S,3755,6142,-23.00,-39.15,6,0,0,53900
S,3750,6158,-22.86,-39.15,6,0,0,54000
S,3741,6146,-22.72,-39.15,6,0,0,54100
S,3807,6202,-22.59,-39.14,6,0,0,54200
S,977,6142,-19.75,-39.09,6,0,0,54300
S,968,6040,-15.69,-38.91,6,0,0,54400
S,965,6035,-12.08,-38.65,6,0,0,54500
S,954,6030,-8.88,-38.28,6,0,0,54600
S,1455,6232,-6.53,-37.90,6,0,0,54700
S,2410,6625,-6.12,-37.74,7,0,0,54800
S,1127,5869,-6.26,-37.10,7,0,0,54900
S,538,5611,-6.38,-36.48,7,0,0,55000
S,584,5623,-6.75,-35.85,7,0,0,55100
S,586,5623,-6.94,-35.22,7,0,0,55200
S,688,5664,-7.02,-34.68,7,0,0,55300
S,605,5652,-7.22,-34.19,7,0,0,55400
S,577,5647,-7.05,-33.72,7,0,0,55500
S,562,5658,-6.92,-33.26,7,0,0,55600
S,549,5653,-7.20,-32.81,7,0,0,55700
S,1094,5865,-7.02,-32.37,7,0,0,55800
S,837,5695,-7.09,-31.94,7,0,0,55900
S,746,5695,-7.11,-31.53,7,0,0,56000
S,739,5713,-7.06,-31.12,7,0,0,56100
S,654,5724,-7.07,-30.74,7,0,0,56200
S,604,5712,-7.10,-30.37,7,0,0,56300
S,659,5732,-6.98,-29.99,7,0,0,56400
S,845,5775,-7.20,-29.63,7,0,0,56500
S,765,5777,-6.99,-29.27,7,0,0,56600
S,775,5799,-7.13,-28.92,7,0,0,56700
S,1452,6060,-7.03,-28.57,7,0,0,56800
S,974,5848,-7.14,-28.24,7,0,0,56900
S,992,5860,-7.10,-27.91,7,0,0,57000
S,1308,5914,-7.40,-27.59,7,0,0,57100
S,2321,6061,-10.26,-27.26,7,0,0,57200
S,2634,5908,-14.92,-26.94,7,0,0,57300
S,3129,5937,-20.47,-26.60,7,0,0,57400
S,3438,5927,-26.18,-26.22,7,0,0,57500
S,3522,5927,-31.01,-25.82,7,0,0,57600
S,3551,5919,-33.17,-25.35,7,0,0,57700
S,3860,4296,-34.03,-24.63,7,0,0,57800
S,4487,969,-34.09,-24.23,7,0,0,57900
S,4854,896,-34.14,-23.84,7,0,0,58000
S,5562,869,-34.20,-23.44,7,0,0,58100
S,5863,869,-34.26,-23.04,7,0,0,58200
S,5943,878,-34.32,-22.65,7,0,0,58300
S,5972,888,-34.37,-22.26,7,0,0,58400
S,5992,884,-34.42,-21.86,7,0,0,58500
S,6016,890,-34.46,-21.47,7,0,0,58600
S,6043,913,-34.50,-21.08,7,0,0,58700
S,6074,943,-34.54,-20.69,7,0,0,58800
S,6136,1067,-34.58,-20.30,7,0,0,58900
S,6151,962,-34.61,-19.91,7,0,0,59000
S,6163,973,-34.64,-19.52,7,0,0,59100
S,6225,1000,-34.66,-19.14,7,0,0,59200
S,6231,1001,-34.70,-18.75,7,0,0,59300
S,6226,993,-34.73,-18.36,7,0,0,59400
S,6245,991,-34.75,-17.97,7,0,0,59500
S,6316,1117,-34.78,-17.59,7,0,0,59600
S,6336,914,-34.80,-17.21,7,0,0,59700
S,6334,871,-34.83,-16.83,7,0,0,59800
S,6336,852,-34.86,-16.44,7,0,0,59900
S,6319,868,-34.88,-16.06,7,0,0,60000
S,6319,944,-34.90,-15.68,7,0,0,60100
S,6292,968,-34.91,-15.30,7,0,0,60200
S,6415,1224,-34.94,-14.92,7,0,0,60300
S,6388,1106,-34.96,-14.55,7,0,0,60400
S,6263,910,-34.98,-14.17,7,0,0,60500
S,5724,781,-34.99,-13.79,7,0,0,60600
S,5265,770,-35.01,-13.42,7,0,0,60700
S,4443,865,-35.03,-13.05,7,0,0,60800
S,2923,736,-34.84,-12.67,7,0,0,60900
S,1048,710,-34.29,-12.30,7,0,0,61000
S,918,578,-33.73,-11.93,7,0,0,61100
S,536,452,-33.17,-11.56,7,0,0,61200
S,442,408,-32.62,-11.19,7,0,0,61300
S,451,440,-32.05,-10.83,7,0,0,61400
S,412,380,-31.50,-10.46,7,0,0,61500
S,413,380,-30.96,-10.10,7,0,0,61600
S,409,380,-30.42,-9.74,7,0,0,61700
S,395,379,-28.72,-8.67,7,0,0,61800
S,579,564,-24.69,-6.28,7,0,0,61900
S,1571,1574,-21.83,-6.14,8,0,0,62000
S,660,656,-15.49,-6.25,8,0,0,62100
S,407,377,-9.09,-6.27,8,0,0,62200
S,385,378,-6.30,-6.27,8,0,0,62300
S,396,382,-6.18,-6.27,8,0,0,62400
S,388,377,-6.14,-6.22,8,0,0,62500
S,383,386,-6.13,-6.11,8,0,0,62600
S,414,373,-6.13,-6.12,8,0,0,62700
S,394,376,-6.13,-6.11,8,0,0,62800
S,382,377,-6.13,-6.11,8,0,0,62900
S,1164,1144,-6.13,-6.11,8,0,0,63000
S,505,504,-6.14,-6.11,8,0,0,63100
S,390,380,-6.15,-6.11,8,0,0,63200
S,411,381,-6.16,-6.11,8,0,0,63300
S,385,377,-6.17,-6.12,8,0,0,63400
S,424,395,-6.18,-6.12,8,0,0,63500
S,377,374,-6.19,-6.12,8,0,0,63600
S,417,377,-6.20,-6.12,8,0,0,63700
S,380,380,-6.22,-6.12,8,0,0,63800
S,419,377,-6.23,-6.12,8,0,0,63900
S,393,384,-6.24,-6.12,8,0,0,64000
S,375,381,-6.25,-6.12,8,0,0,64100
S,390,384,-6.26,-6.13,8,0,0,64200
S,403,377,-6.27,-6.13,8,0,0,64300
